timestamp,run_id,rank,market_number,market_title,side,consensus,consensus_count,total_models,reasoning,link
2025-11-06T10:41:35.330746,20251106_104135,1,3,US x Venezuela military engagement by November 14?,NO,4 out of 4 models agreed,4,4,All models agree that direct US-Venezuela military engagement is extremely unlikely given current diplomatic relations and lack of escalation indicators.,https://polymarket.com/event/us-x-venezuela-military-engagement-by-october-31
2025-11-06T10:41:35.330746,20251106_104135,2,9,"Maduro out by November 30, 2025?",NO,4 out of 4 models agreed,4,4,Universal consensus that Maduro maintains firm authoritarian control with no credible path to removal by the deadline.,https://polymarket.com/event/maduro-out-in-2025
2025-11-06T10:41:35.330746,20251106_104135,3,13,Nothing Ever Happens: November,YES,4 out of 4 models agreed,4,4,"All models recognize that truly major world-changing events are rare in single months, making this meta-market likely to resolve YES.",https://polymarket.com/event/nothing-ever-happens-november
2025-11-06T10:41:35.330746,20251106_104135,4,8,Will Kamala Harris win the 2028 Democratic presidential nomination?,NO,4 out of 4 models agreed,4,4,Strong agreement that Harris faces significant headwinds after 2024 loss and Democrats typically favor fresh candidates after defeats.,https://polymarket.com/event/democratic-presidential-nominee-2028
2025-11-06T10:41:35.330746,20251106_104135,5,24,Will Graham Platner drop out of Maine Senate race by December 31?,NO,4 out of 4 models agreed,4,4,"Complete consensus that candidates rarely drop out without major scandals or health issues, with no indication of such factors present.",https://polymarket.com/event/will-graham-platner-drop-out-of-maine-senate-race-by-december-31
2025-11-06T10:58:55.921167,20251106_105855,1,5,"Will the U.S. invade Venezuela by March 31, 2026?",NO,5 out of 5 models agreed,5,5,All models agree a US military invasion is geopolitically improbable and would require extraordinary circumstances that are extremely unlikely.,https://polymarket.com/event/will-the-us-invade-venezuela-in-2025
2025-11-06T10:58:55.921167,20251106_105855,2,3,Will Dwayne 'The Rock' Johnson win the 2028 US Presidential Election?,NO,5 out of 5 models agreed,5,5,"Universal agreement that The Rock lacks political infrastructure and experience, making a presidential win highly improbable against established politicians.",https://polymarket.com/event/presidential-election-winner-2028
2025-11-06T10:58:55.921167,20251106_105855,3,9,Will Pope Leo XIV be the #1 searched person on Google this year?,NO,4 out of 5 models agreed (1 YES outlier),4,5,Strong consensus that Pope Leo XIV either doesn't exist or is too obscure to be the top Google search over celebrities and major events.,https://polymarket.com/event/1-searched-person-on-google-this-year
2025-11-06T10:58:55.921167,20251106_105855,4,12,Will Meta (META) close above $720 end of November?,NO,5 out of 5 models agreed,5,5,All models agree $720 represents an unrealistic 35-45% gain for META in one month without major catalysts.,https://polymarket.com/event/meta-above-in-november-2025
2025-11-06T10:58:55.921167,20251106_105855,5,17,Will xAI have the top AI model at the end of November 2025?,NO,5 out of 5 models agreed,5,5,"Complete consensus that xAI/Grok lags behind established leaders like OpenAI, Google, and Anthropic in benchmarks and adoption.",https://polymarket.com/event/which-company-has-top-ai-model-end-of-november-style-control-on
2025-11-06T11:09:31.973707,20251106_110931,1,18,Will Trump win FIFA Peace Prize?,NO,5 out of 5 models agreed,5,5,All models recognize this is either not a real award or extremely unlikely for Trump to receive.,https://polymarket.com/event/will-trump-win-fifa-peace-prize
2025-11-06T11:09:31.973707,20251106_110931,2,8,Will xAI have the top AI model at the end of November 2025?,NO,5 out of 5 models agreed,5,5,Universal agreement that xAI lacks the capability to surpass established leaders like OpenAI and Google.,https://polymarket.com/event/which-company-has-top-ai-model-end-of-november-style-control-on
2025-11-06T11:09:31.973707,20251106_110931,3,20,Fed rate hike in 2025?,NO,5 out of 5 models agreed,5,5,All models align with economic consensus that Fed will hold or cut rates rather than hike in 2025.,https://polymarket.com/event/fed-rate-hike-in-2025
2025-11-06T11:09:31.973707,20251106_110931,4,24,Will OpenAI have the top AI model on December 31?,YES,5 out of 5 models agreed,5,5,Complete consensus that OpenAI's market leadership and GPT developments position them to maintain top model status.,https://polymarket.com/event/which-company-has-best-ai-model-end-of-2025
2025-11-06T11:09:31.973707,20251106_110931,5,19,Monad market cap (FDV) >$4B one day after launch?,NO,5 out of 5 models agreed,5,5,All models view $4B FDV as overly ambitious for a new blockchain launch in current market conditions.,https://polymarket.com/event/monad-market-cap-fdv-one-day-after-launch
2025-11-06T11:30:10.765702,20251106_113010,1,2,Will xAI have the top AI model at the end of November 2025?,NO,5 out of 5 models agreed,5,5,All models agree xAI lacks the resources and development trajectory to surpass established leaders like OpenAI and Google by November 2025.,https://polymarket.com/event/which-company-has-top-ai-model-end-of-november-style-control-on
2025-11-06T11:30:10.765702,20251106_113010,2,12,Will Trump win FIFA Peace Prize?,NO,5 out of 5 models agreed,5,5,Universal consensus that this is extremely unlikely due to either FIFA not awarding such a prize or Trump's polarizing international reputation making it implausible.,https://polymarket.com/event/will-trump-win-fifa-peace-prize
2025-11-06T11:30:10.765702,20251106_113010,3,14,Fed rate hike in 2025?,NO,5 out of 5 models agreed,5,5,All models agree the Fed is in a cutting cycle with current economic conditions making a rate hike in 2025 highly improbable.,https://polymarket.com/event/fed-rate-hike-in-2025
2025-11-06T11:30:10.765702,20251106_113010,4,18,Will OpenAI have the top AI model on December 31?,YES,5 out of 5 models agreed,5,5,"Complete agreement that OpenAI's current leadership position, resources, and development pace position them to maintain top model status through year-end.",https://polymarket.com/event/which-company-has-best-ai-model-end-of-2025
2025-11-06T11:30:10.765702,20251106_113010,5,3,Will Anthropic have the top AI model at the end of November 2025?,NO,5 out of 5 models agreed,5,5,"All models concur that while Anthropic is competitive, they lack the scale and resources to claim the top spot against OpenAI and Google by November 2025.",https://polymarket.com/event/which-company-has-top-ai-model-end-of-november-style-control-on
2025-11-06T11:50:07.147425,20251106_115007,1,7,Will Trump win FIFA Peace Prize?,NO,5 out of 5 models agreed,5,5,All models recognize that FIFA doesn't award a Peace Prize and this outcome is highly improbable.,https://polymarket.com/event/will-trump-win-fifa-peace-prize
2025-11-06T11:50:07.147425,20251106_115007,2,9,Fed rate hike in 2025?,NO,4 out of 5 models agreed (1 YES outlier),4,5,Strong consensus that Fed is in cutting cycle with rate hikes extremely unlikely given current economic trajectory.,https://polymarket.com/event/fed-rate-hike-in-2025
2025-11-06T11:50:07.147425,20251106_115007,3,3,Will NVIDIA dip to $192 in November?,NO,4 out of 5 models agreed (1 NO_TRADE),4,5,Models agree NVIDIA's momentum and AI tailwinds make a significant drop to $192 highly unlikely in November.,https://polymarket.com/event/what-price-will-nvda-hit-in-november-2025
2025-11-06T11:50:07.147425,20251106_115007,4,11,Will NVIDIA be the largest company in the world by market cap on November 30?,NO,4 out of 5 models agreed (1 NO_TRADE),4,5,Strong agreement that NVIDIA surpassing Apple/Microsoft by month-end would require unrealistic massive gains.,https://polymarket.com/event/largest-company-end-of-november
2025-11-06T11:50:07.147425,20251106_115007,5,13,Will OpenAI have the top AI model on December 31?,YES,4 out of 5 models agreed (1 NO_TRADE),4,5,Models converge on OpenAI maintaining market leadership position through year-end given current dominance.,https://polymarket.com/event/which-company-has-best-ai-model-end-of-2025
2025-11-06T12:27:25.104283,20251106_122725,1,16,US strikes Nigeria by November 30?,NO,4 out of 4 models agreed,4,4,All models agree there are no credible tensions or strategic reasons for US military action against Nigeria.,https://polymarket.com/event/us-strikes-nigeria-by
2025-11-06T12:27:25.104283,20251106_122725,2,4,Will Trump pardon Daniel Penny in 2025?,NO,4 out of 4 models agreed,4,4,Complete consensus that this case lacks the political significance or federal jurisdiction for a presidential pardon.,https://polymarket.com/event/who-will-trump-pardon-in-2025
2025-11-06T12:27:25.104283,20251106_122725,3,17,Lisa Cook out as Fed Governor by December 31?,NO,4 out of 4 models agreed,4,4,All models agree Fed Governor positions are stable with no indication of early departure or scandal.,https://polymarket.com/event/lisa-cook-out-as-fed-governor-by-september-30
2025-11-06T12:27:25.104283,20251106_122725,4,11,EU/NATO country announces peacekeeping force in Ukraine?,NO,4 out of 4 models agreed,4,4,Universal agreement that NATO countries continue to avoid direct military intervention due to escalation concerns.,https://polymarket.com/event/eunato-country-announces-peacekeeping-force-in-ukraine
2025-11-06T12:27:25.104283,20251106_122725,5,2,Will Apple be the largest company in the world by market cap on November 30?,YES,3 out of 4 models agreed (1 NO_TRADE),3,4,Strong consensus that Apple's market leadership and stable fundamentals make it likely to maintain top position.,https://polymarket.com/event/largest-company-end-of-november
2025-11-06T12:58:18.424461,20251106_125818,1,15,Jeffrey Epstein foul play confirmed in 2025?,NO,5 out of 5 models agreed,5,5,All models agree that official confirmation of foul play is highly unlikely given closed investigations and lack of new credible evidence.,https://polymarket.com/event/jeffrey-epstein-foul-play-confirmed-in-2025
2025-11-06T12:58:18.424461,20251106_125818,2,23,Epstein or Maxwell confirmed Mossad operatives in 2025?,NO,5 out of 5 models agreed,5,5,Universal consensus that official verification of Mossad operative status is speculative and extremely improbable in 2025.,https://polymarket.com/event/epstein-or-maxwell-confirmed-mossad-opperatives-in-2025
2025-11-06T12:58:18.424461,20251106_125818,3,9,Lighter market cap (FDV) >$8B one day after launch?,NO,5 out of 5 models agreed,5,5,All models view $8B FDV as extremely ambitious and unrealistic for a new crypto project launch in current market conditions.,https://polymarket.com/event/lighter-market-cap-fdv-one-day-after-launch
2025-11-06T12:58:18.424461,20251106_125818,4,5,Will the Fed cut-cut-cut in 2025?,YES,4 out of 5 models agreed (1 NO_TRADE),4,5,Strong consensus that economic conditions and inflation moderation will lead to multiple Fed rate cuts in 2025.,https://polymarket.com/event/fed-decisions-in-2025
2025-11-06T12:58:18.424461,20251106_125818,5,17,Another US military action against Iran before 2026?,NO,4 out of 5 models agreed (1 NO_TRADE),4,5,Models agree that diplomatic approaches are more likely and full military action remains improbable without major provocation.,https://polymarket.com/event/another-us-military-action-against-iran-before-2026
2025-11-06T13:39:08.922142,20251106_133908,1,6,Obama federally charged in 2025?,NO,4 out of 4 models agreed,4,4,All models unanimously agree federal charges against Obama are extremely improbable with no evidence or investigations.,https://polymarket.com/event/obama-federally-charged-in-2025
2025-11-06T13:39:08.922142,20251106_133908,2,23,Ukraine election called in 2025?,NO,4 out of 4 models agreed,4,4,Perfect consensus that martial law and ongoing conflict make elections in 2025 highly unlikely.,https://polymarket.com/event/ukraine-election-called-in-2025
2025-11-06T13:39:08.922142,20251106_133908,3,1,Trump out as President in 2025?,NO,4 out of 4 models agreed,4,4,All models agree removal or resignation in first year is extremely unlikely given political dynamics.,https://polymarket.com/event/trump-out-as-president-in-2025
2025-11-06T13:39:08.922142,20251106_133908,4,17,Will a new country join the Abraham Accords in 2025?,YES,4 out of 4 models agreed,4,4,Strong consensus on diplomatic momentum and Trump administration actively pursuing expansion with countries like Saudi Arabia.,https://polymarket.com/event/will-a-new-country-join-the-abraham-accords-in-2025
2025-11-06T13:39:08.922142,20251106_133908,5,19,Will a new country join the Abraham Accords before 2027?,YES,4 out of 4 models agreed,4,4,Extended timeline significantly increases probability with all models confident in continued Middle East normalization efforts.,https://polymarket.com/event/will-a-new-country-join-the-abraham-accords-before-2027
2025-11-06T15:59:54.684951,20251106_155954,1,11,US forces in Venezuela by December 31?,NO,5 out of 5 models agreed,5,5,All models unanimously agree that US military deployment to Venezuela by year-end is extremely unlikely given current geopolitical constraints and lack of escalation indicators.,https://polymarket.com/event/us-forces-in-venezuela-by
2025-11-06T15:59:54.684951,20251106_155954,2,9,Will Zohran Mamdani be the #1 searched person on Google this year?,NO,5 out of 5 models agreed,5,5,Universal consensus that a NYC politician lacks the global recognition and media presence to become the most searched person worldwide.,https://polymarket.com/event/1-searched-person-on-google-this-year
2025-11-06T15:59:54.684951,20251106_155954,3,21,Israel and Syria normalize relations in 2025?,NO,5 out of 5 models agreed,5,5,"Complete agreement that normalization is highly improbable given Syria's instability, Assad regime dynamics, and ongoing regional conflicts.",https://polymarket.com/event/israel-and-syria-normalize-relations-in-2025
2025-11-06T15:59:54.684951,20251106_155954,4,5,Will Monster Beverage (MNST) beat quarterly earnings?,YES,5 out of 5 models agreed,5,5,All models cite Monster's strong track record of beating earnings estimates and significant recent betting activity indicating informed confidence.,https://polymarket.com/event/mnst-quarterly-earnings-gaap-eps-11-06-2025-0pt48
2025-11-06T15:59:54.684951,20251106_155954,5,6,Will Bianca Censori be the #1 searched person on Google this year?,NO,5 out of 5 models agreed,5,5,"Universal agreement that achieving #1 global search ranking for an entire year is extremely unlikely against major political figures, celebrities, and global newsmakers.",https://polymarket.com/event/1-searched-person-on-google-this-year
2025-11-06T16:30:40.062756,20251106_163040,1,11,5kt meteor strike in 2025?,NO,4 out of 4 models agreed,4,4,All models recognize that a 5kt meteor strike is an astronomically rare event with near-zero probability in any given year.,https://polymarket.com/event/5kt-meteor-strike-in-2025
2025-11-06T16:30:40.062756,20251106_163040,2,21,Will HŠK Zrinjski Mostar win on 2025-11-06?,NO,4 out of 4 models agreed,4,4,Universal agreement that Zrinjski is a clear underdog away at Dynamo Kyiv with minimal chance of victory.,https://polymarket.com/event/col-dyn-zri-2025-11-06
2025-11-06T16:30:40.062756,20251106_163040,3,15,Will Bayern München win on 2025-11-08?,YES,4 out of 4 models agreed,4,4,Complete consensus that Bayern München's dominance makes them overwhelming favorites against Union Berlin.,https://polymarket.com/event/bun-bay-2025-11-08
2025-11-06T16:30:40.062756,20251106_163040,4,10,Will Russia enter Huliaipole by November 30?,NO,4 out of 4 models agreed,4,4,All models agree that Huliaipole's distance from current Russian positions and strong defenses make capture by November 30 extremely unlikely.,https://polymarket.com/event/will-russia-enter-huliaipole-by-november-30
2025-11-06T16:30:40.062756,20251106_163040,5,9,Will Russia enter Lyman by November 30?,NO,4 out of 4 models agreed,4,4,Universal consensus that Ukrainian defensive lines and slowed Russian advances make Lyman capture improbable by the deadline.,https://polymarket.com/event/will-russia-enter-lyman-by-november-30
2025-11-06T17:06:37.077608,20251106_170637,1,6,U.S. x Russia Nuclear deal by December 31?,NO,5 out of 5 models agreed,5,5,All models cite current geopolitical tensions and stalled diplomatic relations making a nuclear deal by year-end extremely unlikely.,https://polymarket.com/event/us-x-russia-nuclear-deal-by-december-31
2025-11-06T17:06:37.077608,20251106_170637,2,8,Zohran Mamdani citizenship revoked before 2027?,NO,5 out of 5 models agreed,5,5,Universal agreement that citizenship revocation of a U.S.-born politician is legally complex and extraordinarily rare.,https://polymarket.com/event/zohran-mamdani-citizenship-revoked-before-2027
2025-11-06T17:06:37.077608,20251106_170637,3,14,OpenAI $1t+ IPO before 2027?,NO,5 out of 5 models agreed,5,5,All models agree that achieving a $1 trillion valuation and going public before 2027 is unrealistic given current market conditions and regulatory hurdles.,https://polymarket.com/event/openai-1t-ipo-before-2027
2025-11-06T17:06:37.077608,20251106_170637,4,24,Will Jesus Christ return before GTA VI?,NO,5 out of 5 models agreed,5,5,"Complete consensus that GTA VI's expected 2025 release will occur before any eschatological event, making this essentially a certainty trade.",https://polymarket.com/event/what-will-happen-before-gta-vi
2025-11-06T17:06:37.077608,20251106_170637,5,4,Monad market cap (FDV) >$8B one day after launch?,NO,5 out of 5 models agreed,5,5,All models view an $8 billion FDV immediately after launch as extremely ambitious for a new L1 blockchain project.,https://polymarket.com/event/monad-market-cap-fdv-one-day-after-launch
2025-11-07T06:44:48.935390,20251107_064448,1,21,Will Max Verstappen be the 2025 Drivers Champion?,YES,4 out of 4 models agreed,4,4,All models cite Verstappen's dominant performance and Red Bull's superiority as making him the clear favorite for the 2025 championship.,https://polymarket.com/event/f1-drivers-champion
2025-11-07T06:44:48.935390,20251107_064448,2,9,Will Jesus Christ return before GTA VI?,NO,4 out of 4 models agreed,4,4,All models recognize this as a meme market where GTA VI's scheduled 2025 release is far more likely than a theological event.,https://polymarket.com/event/what-will-happen-before-gta-vi
2025-11-07T06:44:48.935390,20251107_064448,3,14,Will China invades Taiwan before GTA VI?,NO,4 out of 4 models agreed,4,4,All models agree that a Chinese invasion carries enormous geopolitical risks and is highly unlikely before GTA VI's expected release.,https://polymarket.com/event/what-will-happen-before-gta-vi
2025-11-07T06:44:48.935390,20251107_064448,4,19,Will Trump pardon Antoine Massey in 2025?,NO,4 out of 4 models agreed,4,4,All models note that Massey is obscure and Trump's pardons typically target high-profile political allies or celebrities.,https://polymarket.com/event/who-will-trump-pardon-in-2025
2025-11-07T06:44:48.935390,20251107_064448,5,6,Will Russia capture all of Kupiansk by December 31?,NO,4 out of 4 models agreed,4,4,All models assess that full capture requires resources Russia lacks and current military stalemate makes this improbable by year-end.,https://polymarket.com/event/will-russia-capture-all-of-kupiansk-by
2025-11-07T07:35:36.532577,20251107_073536,1,2,Will the Republicans win the Tennessee Senate race in 2026?,YES,5 out of 5 models agreed,5,5,All models unanimously agree Tennessee's strong Republican partisan lean makes GOP victory highly probable in 2026.,https://polymarket.com/event/tennessee-senate-election-winner
2025-11-07T07:35:36.532577,20251107_073536,2,22,USDC depeg by December 31?,NO,5 out of 5 models agreed,5,5,Universal consensus that USDC's robust reserves and stability make a depeg by year-end extremely unlikely.,https://polymarket.com/event/stablecoins-depeg-by-december-31
2025-11-07T07:35:36.532577,20251107_073536,3,8,Will Chase Infiniti be nominated for Best Supporting Actress at the 98th Academy Awards?,NO,5 out of 5 models agreed,5,5,"All models recognize Chase Infiniti as either unknown or fictional, making an Oscar nomination impossible.",https://polymarket.com/event/oscars-2026-best-supporting-actress-nominations
2025-11-07T07:35:36.532577,20251107_073536,4,19,Nuclear weapon detonation by June 30?,NO,5 out of 5 models agreed,5,5,Complete agreement that nuclear detonations remain extremely rare events with no credible escalation indicators.,https://polymarket.com/event/nuclear-weapon-detonation-by-june-30
2025-11-07T07:35:36.532577,20251107_073536,5,23,"WTA Finals, Final Stage: Aryna Sabalenka vs Amanda Anisimova",YES,5 out of 5 models agreed,5,5,Universal consensus that Sabalenka's world #1 ranking and superior form make her the clear favorite over Anisimova.,https://polymarket.com/event/wta-sabalen-anisimo-2025-11-07
2025-11-07T09:05:46.834310,20251107_090546,1,8,Nuclear weapon detonation by June 30?,NO,5 out of 5 models agreed,5,5,All models agree nuclear detonation is extremely unlikely given the rarity of such events and current geopolitical conditions.,https://polymarket.com/event/nuclear-weapon-detonation-by-june-30
2025-11-07T09:05:46.834310,20251107_090546,2,22,Will Iran close the Strait of Hormuz in 2025?,NO,5 out of 5 models agreed,5,5,"Universal consensus that closing the Strait would trigger massive conflict and economic devastation, making it extremely unlikely.",https://polymarket.com/event/will-iran-close-the-strait-of-hormuz-in-2025
2025-11-07T09:05:46.834310,20251107_090546,3,19,Will Andy Byron rank in Google's Top 5 Most Searched People of 2025?,NO,5 out of 5 models agreed,5,5,Complete agreement that Andy Byron lacks the mainstream recognition needed to reach top 5 global search rankings.,https://polymarket.com/event/top-5-most-searched-people-on-google-2025
2025-11-07T09:05:46.834310,20251107_090546,4,11,USDC depeg by December 31?,NO,5 out of 5 models agreed,5,5,"All models cite USDC's strong reserves, institutional backing, and historical peg stability as reasons depeg is highly unlikely.",https://polymarket.com/event/stablecoins-depeg-by-december-31
2025-11-07T09:05:46.834310,20251107_090546,5,18,Will Charlie Kirk rank in Google's Top 5 Most Searched People of 2025?,NO,5 out of 5 models agreed,5,5,Universal agreement that Charlie Kirk's niche conservative appeal lacks the mainstream celebrity status required for top 5 global searches.,https://polymarket.com/event/top-5-most-searched-people-on-google-2025
2025-11-07T09:12:59.335295,20251107_091259,1,4,Nuclear weapon detonation by June 30?,NO,5 out of 5 models agreed,5,5,All models agree this is an extremely low-probability catastrophic event with no realistic path to occurrence.,https://polymarket.com/event/nuclear-weapon-detonation-by-june-30
2025-11-07T09:12:59.335295,20251107_091259,2,18,Will Iran close the Strait of Hormuz in 2025?,NO,5 out of 5 models agreed,5,5,"Universal agreement that this would trigger major international conflict and economic devastation, making it highly improbable.",https://polymarket.com/event/will-iran-close-the-strait-of-hormuz-in-2025
2025-11-07T09:12:59.335295,20251107_091259,3,15,Will Andy Byron rank in Google's Top 5 Most Searched People of 2025?,NO,5 out of 5 models agreed,5,5,Complete consensus that this individual lacks the public profile necessary to achieve top 5 global search status.,https://polymarket.com/event/top-5-most-searched-people-on-google-2025
2025-11-07T09:12:59.335295,20251107_091259,4,7,USDC depeg by December 31?,NO,5 out of 5 models agreed,5,5,"All models cite USDC's robust reserves, regulatory compliance, and stable infrastructure as making a depeg extremely unlikely.",https://polymarket.com/event/stablecoins-depeg-by-december-31
2025-11-07T09:12:59.335295,20251107_091259,5,24,Will Trump talk to Zohran Mamdani in November?,NO,5 out of 5 models agreed,5,5,Universal agreement that this interaction is highly improbable given the lack of connection between Trump and this relatively obscure progressive politician.,https://polymarket.com/event/who-will-trump-talk-to-in-november
2025-11-07T11:18:56.585546,20251107_111856,1,4,Will Andy Byron rank in Google's Top 5 Most Searched People of 2025?,NO,4 out of 4 models agreed,4,4,Universal agreement that Andy Byron lacks the public profile necessary to achieve top 5 global search status.,https://polymarket.com/event/top-5-most-searched-people-on-google-2025
2025-11-07T11:18:56.585546,20251107_111856,2,7,Will Iran close the Strait of Hormuz in 2025?,NO,4 out of 4 models agreed,4,4,All models recognize this would trigger major international conflict and is highly unlikely despite geopolitical tensions.,https://polymarket.com/event/will-iran-close-the-strait-of-hormuz-in-2025
2025-11-07T11:18:56.585546,20251107_111856,3,21,Putin and Zelenskyy shake hands in 2025?,NO,4 out of 4 models agreed,4,4,Complete consensus that ongoing war and entrenched positions make a handshake meeting extremely improbable in 2025.,https://polymarket.com/event/putin-and-zelenskyy-shake-hands-by-october-31
2025-11-07T11:18:56.585546,20251107_111856,4,8,"ATP World Tour Finals, Bjorn Borg Group: Jannik Sinner vs Ben Shelton",YES,4 out of 4 models agreed,4,4,All models recognize Sinner's world #1 ranking and clear skill advantage over Shelton makes him the heavy favorite.,https://polymarket.com/event/atp-sinner-shelton-2025-11-09
2025-11-07T11:18:56.585546,20251107_111856,5,13,Will Trump talk to Zohran Mamdani in November?,NO,4 out of 4 models agreed,4,4,Universal agreement that the ideological divide and Mamdani's low profile make a Trump conversation extremely unlikely.,https://polymarket.com/event/who-will-trump-talk-to-in-november
2025-11-07T11:30:04.695129,20251107_113004,1,9,Putin and Zelenskyy shake hands in 2025?,NO,5 out of 5 models agreed,5,5,All models unanimously agree that ongoing war and geopolitical tensions make a handshake meeting extremely improbable in 2025.,https://polymarket.com/event/putin-and-zelenskyy-shake-hands-by-october-31
2025-11-07T11:30:04.695129,20251107_113004,2,18,Will Artificial Intelligence be TIME's Person of the Year for 2025?,NO,5 out of 5 models agreed,5,5,Universal consensus that TIME historically selects individual people rather than abstract concepts like AI.,https://polymarket.com/event/time-2025-person-of-the-year
2025-11-07T11:30:04.695129,20251107_113004,3,22,Trump x Putin Meeting in Hungary by Dec 31?,NO,5 out of 5 models agreed,5,5,All models agree the specific location requirement and diplomatic complexities make this highly unlikely.,https://polymarket.com/event/trumpputin-meeting-in-hungary-by-dec-31
2025-11-07T11:30:04.695129,20251107_113004,4,15,Georgia vs. Mississippi State,YES,4 out of 5 models agreed (1 NO_TRADE),4,5,Strong consensus that Georgia's elite SEC program will dominate the weaker Mississippi State team.,https://polymarket.com/event/cfb-ga-mspst-2025-11-08
2025-11-07T11:30:04.695129,20251107_113004,5,12,Spread: Memphis (-3.5),YES,4 out of 5 models agreed (1 NO_TRADE),4,5,"Multiple models cite the massive $5,000 trade and Memphis's superior talent as strong indicators they'll cover the spread.",https://polymarket.com/event/cfb-tulane-mphs-2025-11-07
2025-11-07T11:46:15.188935,20251107_114615,1,19,Will the Iranian regime fall in 2025?,NO,4 out of 4 models agreed,4,4,"All models recognize that regime change in Iran is extremely unlikely without massive upheaval, with the Iranian government showing historical resilience.",https://polymarket.com/event/will-the-iranian-regime-fall-in-2025
2025-11-07T11:46:15.188935,20251107_114615,2,8,Trump x Putin Meeting in Hungary by Dec 31?,NO,4 out of 4 models agreed,4,4,"All models agree this is highly improbable given geopolitical tensions, diplomatic protocols, and current international dynamics.",https://polymarket.com/event/trumpputin-meeting-in-hungary-by-dec-31
2025-11-07T11:46:15.188935,20251107_114615,3,16,Will Zohran Mamdani rank in Google's Top 5 Most Searched People of 2025?,NO,4 out of 4 models agreed,4,4,All models concur that Mamdani lacks the mainstream global recognition needed to compete with international celebrities and leaders in search rankings.,https://polymarket.com/event/top-5-most-searched-people-on-google-2025
2025-11-07T11:46:15.188935,20251107_114615,4,15,Will the highest temperature in London be between 61-62°F on November 8?,NO,4 out of 4 models agreed,4,4,"All models recognize that this narrow 1-degree temperature range is statistically unlikely, especially given November London averages of 50-55°F.",https://polymarket.com/event/highest-temperature-in-london-on-november-8
2025-11-07T11:46:15.188935,20251107_114615,5,4,Will Artificial Intelligence be TIME's Person of the Year for 2025?,NO,4 out of 4 models agreed,4,4,"All models agree that TIME historically selects individual people rather than abstract concepts, making AI selection unlikely despite its prominence.",https://polymarket.com/event/time-2025-person-of-the-year
2025-11-07T12:02:10.549847,20251107_120210,1,21,"Will Powell say ""Good afternoon"" during December press conference?",YES,5 out of 5 models agreed,5,5,"Powell consistently uses this standard greeting to open FOMC press conferences, making this nearly certain.",https://polymarket.com/event/what-will-powell-say-during-december-press-conference
2025-11-07T12:02:10.549847,20251107_120210,2,12,Will the Iranian regime fall in 2025?,NO,5 out of 5 models agreed,5,5,"Regime change in Iran within one year is historically improbable with no imminent catalysts, supported by massive No volume.",https://polymarket.com/event/will-the-iranian-regime-fall-in-2025
2025-11-07T12:02:10.549847,20251107_120210,3,19,Will China invade Taiwan in 2025?,NO,5 out of 5 models agreed,5,5,Military invasion remains extremely unlikely due to massive geopolitical consequences and lack of imminent triggers.,https://polymarket.com/event/will-china-invade-taiwan-in-2025
2025-11-07T12:02:10.549847,20251107_120210,4,20,Will Donald Trump visit North Korea in 2025?,NO,5 out of 5 models agreed,5,5,Diplomatically risky and highly improbable given current relations and security concerns.,https://polymarket.com/event/will-donald-trump-visit-north-korea-in-2025
2025-11-07T12:02:10.549847,20251107_120210,5,9,Will Zohran Mamdani rank in Google's Top 5 Most Searched People of 2025?,NO,5 out of 5 models agreed,5,5,Mamdani lacks the national and international prominence required to crack Google's global top 5 most searched people.,https://polymarket.com/event/top-5-most-searched-people-on-google-2025
2025-11-07T13:28:03.651694,20251107_132803,1,7,Will Donald Trump visit North Korea in 2025?,NO,4 out of 4 models agreed,4,4,"All models agree this is extremely improbable due to diplomatic tensions, security concerns, and lack of groundwork.",https://polymarket.com/event/will-donald-trump-visit-north-korea-in-2025
2025-11-07T13:28:03.651694,20251107_132803,2,6,Will China invade Taiwan in 2025?,NO,4 out of 4 models agreed,4,4,Universal consensus that full invasion remains low-probability due to economic and military deterrents.,https://polymarket.com/event/will-china-invade-taiwan-in-2025
2025-11-07T13:28:03.651694,20251107_132803,3,23,Will Sunderland AFC win on 2025-11-08?,NO,4 out of 4 models agreed,4,4,All models recognize Arsenal's overwhelming superiority makes a Sunderland victory highly unlikely.,https://polymarket.com/event/epl-sun-ars-2025-11-08
2025-11-07T13:28:03.651694,20251107_132803,4,10,Will Marjorie Taylor Greene win the 2028 Republican presidential nomination?,NO,4 out of 4 models agreed,4,4,Complete agreement that Greene lacks the establishment support and broad appeal needed for nomination.,https://polymarket.com/event/republican-presidential-nominee-2028
2025-11-07T13:28:03.651694,20251107_132803,5,20,Will Estonia win Miss Universe 2025?,NO,4 out of 4 models agreed,4,4,All models note Estonia lacks historical pageant strength and faces long statistical odds against 80+ competitors.,https://polymarket.com/event/who-will-win-miss-universe-2025
2025-11-07T13:48:57.202650,20251107_134857,1,8,Will Sunderland AFC win on 2025-11-08?,NO,5 out of 5 models agreed,5,5,"All models agree Arsenal is heavily favored over Championship side Sunderland, making a Sunderland win extremely unlikely.",https://polymarket.com/event/epl-sun-ars-2025-11-08
2025-11-07T13:48:57.202650,20251107_134857,2,14,Lions vs. Commanders,YES,4 out of 5 models agreed (1 NO_TRADE),4,5,Strong consensus that the Lions' dominant offense and superior form gives them a clear edge over the struggling Commanders.,https://polymarket.com/event/nfl-det-was-2025-11-09
2025-11-07T13:48:57.202650,20251107_134857,3,18,Spread: Lions (-8.5),YES,4 out of 5 models agreed (1 NO_TRADE),4,5,Models agree Detroit's offensive firepower and Washington's weak defense make the -8.5 spread very coverable.,https://polymarket.com/event/nfl-det-was-2025-11-09
2025-11-07T13:48:57.202650,20251107_134857,4,24,Will Base launch a token in 2025?,NO,4 out of 5 models agreed (1 YES),4,5,Strong agreement that Base has repeatedly stated no token plans and faces regulatory incentives to remain token-free.,https://polymarket.com/event/will-base-launch-a-token-in-2025-341
2025-11-07T13:48:57.202650,20251107_134857,5,6,Will Sunderland AFC vs. Arsenal end in a draw?,NO,4 out of 5 models agreed (1 YES),4,5,"Arsenal's superior quality makes a draw unlikely against the Championship side, with most models favoring a decisive Arsenal win.",https://polymarket.com/event/epl-sun-ars-2025-11-08
2025-11-07T14:00:04.628181,20251107_140004,1,15,Will the U.S. test a nuclear weapon by December 31 2025?,NO,5 out of 5 models agreed,5,5,"All models agree US nuclear testing is extremely unlikely due to international treaties, political costs, and lack of strategic necessity.",https://polymarket.com/event/us-nuclear-test-by
2025-11-07T14:00:04.628181,20251107_140004,2,17,Taylor Swift pregnant in 2025?,NO,5 out of 5 models agreed,5,5,Universal consensus that there's no credible evidence and Swift's busy tour schedule makes pregnancy highly improbable.,https://polymarket.com/event/taylor-swift-pregnant-in-2025
2025-11-07T14:00:04.628181,20251107_140004,3,8,"Will Trump say ""Friend of mine"" during Hungary PM events on November 7?",YES,4 out of 5 models agreed (1 NO_TRADE),4,5,Strong agreement that Trump frequently uses this phrase in diplomatic contexts based on established speech patterns.,https://polymarket.com/event/what-will-trump-say-during-hungary-pm-events-on-november-7
2025-11-07T14:00:04.628181,20251107_140004,4,3,Lions vs. Commanders,YES,4 out of 5 models agreed (1 NO_TRADE),4,5,Models agree Lions are significantly stronger with home advantage and recent sharp money backing them against struggling Commanders.,https://polymarket.com/event/nfl-det-was-2025-11-09
2025-11-07T14:00:04.628181,20251107_140004,5,13,Will Base launch a token in 2025?,NO,4 out of 5 models agreed (1 YES),4,5,Strong consensus that Base has shown no indication of token plans and contradicts their stated infrastructure-focused strategy.,https://polymarket.com/event/will-base-launch-a-token-in-2025-341
2025-11-07T14:11:36.279213,20251107_141136,1,4,Will the U.S. test a nuclear weapon by December 31 2025?,NO,5 out of 5 models agreed,5,5,"All models agree that U.S. nuclear testing would violate international norms and long-standing policy, making it virtually impossible by 2025.",https://polymarket.com/event/us-nuclear-test-by
2025-11-07T14:11:36.279213,20251107_141136,2,6,Taylor Swift pregnant in 2025?,NO,5 out of 5 models agreed,5,5,"Universal consensus that there are no credible signals or public indications of pregnancy, with Swift maintaining tight control over her personal narrative.",https://polymarket.com/event/taylor-swift-pregnant-in-2025
2025-11-07T14:11:36.279213,20251107_141136,3,23,Will Mamdani freeze NYC rents before 2027?,NO,5 out of 5 models agreed,5,5,All models agree that rent freezes require significant legislative action and political capital that Mamdani lacks the authority to implement alone.,https://polymarket.com/event/will-mamdani-freeze-nyc-rents-before-2027
2025-11-07T14:11:36.279213,20251107_141136,4,2,Will Base launch a token in 2025?,NO (4 models) vs YES (1 model),4 out of 5 models agreed on NO,4,5,Strong majority consensus that Base has shown no indication of launching a token and Coinbase prefers keeping value within their ecosystem.,https://polymarket.com/event/will-base-launch-a-token-in-2025-341
2025-11-07T14:11:36.279213,20251107_141136,5,25,ECB rate cut in 2025?,YES (3 models) vs NO (2 models),3 out of 5 models agreed on YES,3,5,Majority of models expect ECB to cut rates in 2025 amid Eurozone economic slowdown and dovish policy signals.,https://polymarket.com/event/ecb-rate-cut-in-2025
